<!DOCTYPE HotFix SYSTEM "http://www.slickedit.com/dtd/vse/upcheck/1.0/hotfix.dtd">
<HotFix Date="2/1/2016" Version="20.0.1.3" Revision="2" Restart="1" CompatibleVersions="20.0.1.2 20.0.1.3">
<Description>
This is revision &revision; of the cumulative hot fix for SlickEdit version 
&version;. It contains all the published fixes for &version; in one package.
</Description>

<Defect Ids="14499" Modules="perl.e">
Fixed problem where hitting space after an 'else' would not actually
type a space if there were already brackets after the 'else'.
</Defect>

<Defect Ids="14498" Modules="surround.e">
Fixed problem where doing a completion while dynamic surround was active
could cause the cursor to jump to weird places when using the arrow keys.
</Defect>

<Defect Ids="14484" Modules="python.e">
Fixed a bug where hitting return at the end of a comment could end up with
the wrong indent on the next line.
</Defect>

<Defect Ids="14476" Modules="verilog.e">
Fixed bug where hitting enter before or in a begin/end keyword would
not split the line.
</Defect>

<Defect Ids="14467" Modules="tags.e tagwin.e">
Fixed: Auto-shown Preview tool window does not stay up while user is prompted/selects from 
Select Symbol dialog. For example, when a user is prompted to choose between a function 
definition or prototype when using Ctrl+. Also, fix case of focus not returning to where
it came from when user cancels Select Symbol dialog.
</Defect>

<Defect Ids="14446" Modules="makefile.e">
Fixed bug that could cause stacks on Makefiles that don't end with a newline.
</Defect>

<Defect Ids="7848" Modules="tagwin.e tags.e">
Fix bug where the user could be prompted to locate the path for an include file
if the cursor was sitting on a #include statement and the Preview tool window
was active.  Fix Slick-C stack when cursor is on a break or continue statement 
and the Preview window is active.
</Defect>

<Defect Ids="14387" Modules="jrefactor.e tags.e">
Fix bug where Java add import would fail to find a class when there was a
reference to the same symbol name in a Java Properties file as an XML attribute.
Also fix bug where Java add import would fail if there was a matching class
name in the global scope.
</Defect>

<Defect Ids="14397" Modules="color/vslick.vlx">
Fix Doxygen comment keyword parsing and add @copyright and \copyright tags.
</Defect>

<Defect Ids="14440" Modules="se/ui/AutoBracketMarker.e">
Fix bug where Backspace would delete a closing parenthesis incorrectly when
displaying auto-parameter info and padding parentheses.
</Defect>

<Defect Ids="14441" Modules="stdcmds.e">
Improve edit-associated-file to handle cycling through a set of files including
a xx.c, xx.cpp, xx.h, xx.hpp, and xx.inl.  Also add code so it can search for
matching files among open files and language-specific tag files.
</Defect>

<Defect Ids="14442" Modules="stdcmds.e">
Fix delete-lines command to delete current line when there is no selection.
</Defect>

<Defect Ids="14443" Modules="projconv.e">
Fix dot directory sorting in Project tool window with Directory View.
</Defect>

<Defect Ids="14444" Modules="bgsearch.e">
Fix Find in Files background searches with Look in Hidden/System files enabled on Windows.
Performance tweak for multi-file search.  If user does background multi-file search 
and the editor has a large unmodified buffer buffer open, do the search in the background 
(as if the editor does not have the buffer open). 
Added def_background_mfsearch_kbufsize= 20 megabytes. 
</Defect>

<Defect Ids="14445" Modules="debug.e">
Fix bug that prevented setting breakpoints in Fortran source code when debugging using GDB.
</Defect>

<Defect Ids="14455" Modules="debug.e">
Fix bug that prevented files diffed with a line range from being saved.
</Defect>

<Defect Ids="14435" Modules="diffsetup.e">
Fix bug that would activate an inactive tab if you used Options from multi-file diff output.
</Defect>

<Defect Ids="14453" Modules="guireplace.e">
Fix incorrect popup &quot;String not found&quot; in some cases during Replace All.
Fix for all cases where search replace all/Go misses replacing the first occurrence 
because some type of cursor placement was done (\c or "Place cursor at end" is checked.)
</Defect>

<Defect Ids="14473" Modules="context.e">
Fix Slick-C stack in Current Context drop-down with floating editor windows.
</Defect>

<Defect Ids="14474" Modules="tbfind.e">
Fix Find and Replace tool window to save "Look in" directory history for Find Files.
</Defect>

<Defect Ids="14480" Modules="ccontext.e context.e">
Context tagging does not find reference to a function name when not followed by
a parenthesis (reference to function pointer).
</Defect>

<Defect Ids="14468" Modules="se/vc/CVSClass.e">
Restore old behavior of showing both local time and UTC time in CVS History.
</Defect>

<Defect Ids="14496" Modules="csymbols.e">
Fix bug where C# tagging would not list members of a class that inherited
from a template class instance.
</Defect>

<Defect Ids="14497" Modules="projmake.e">
Fix issue in LINK command for output file in makefile generation.
</Defect>

<Defect Ids="14501" Modules="xml.e">
Fix DocBook color coding.
</Defect>

<Defect Ids="14502" Modules="tagrefs.e autocomplete.e codehelp.e debugpkg.e asm.e cics.e cobol.e docbook.e html.e msqbas.e pascal.e ruby.e ttcn.e">
Fix bug in storing References history for Ada variables.
</Defect>

<Defect Ids="10187" Modules="ada.e asm.e autocomplete.e cobol.e db2.e fortran.e html.e htmltool.e msqbas.e pascal.e pl1.e plsql.e slickc.e sqlservr.e vbscript.e vhdl.e se/adapt/AdaptiveFormattingScannerBase.e">
Fix keyword and syntax expansion case preservation when doing auto-complete
for case-insensitive languages.
</Defect>

<Defect Ids="14506" Modules="autocomplete.e pushtag.e">
Fix bug sorting and removing case-insensitive duplicates from auto-complete results.
</Defect>

<Contents>
<Module Name="se/adapt/AdaptiveFormattingScannerBase.e"/>
<Module Name="se/ui/AutoBracketMarker.e"/>
<Module Name="se/vc/CVSClass.e"/>
<Module Name="ada.e"/>
<Module Name="asm.e"/>
<Module Name="autocomplete.e"/>
<Module Name="bgsearch.e"/>
<Module Name="ccontext.e"/>
<Module Name="cics.e"/>
<Module Name="cobol.e"/>
<Module Name="codehelp.e"/>
<Module Name="csymbols.e"/>
<Module Name="db2.e"/>
<Module Name="debug.e"/>
<Module Name="debugpkg.e"/>
<Module Name="diffedit.e"/>
<Module Name="diffsetup.e"/>
<Module Name="docbook.e"/>
<Module Name="fortran.e"/>
<Module Name="guireplace.e"/>
<Module Name="html.e"/>
<Module Name="htmltool.e"/>
<Module Name="jrefactor.e"/>
<Module Name="makefile.e"/>
<Module Name="msqbas.e"/>
<Module Name="pascal.e"/>
<Module Name="perl.e"/>
<Module Name="pl1.e"/>
<Module Name="plsql.e"/>
<Module Name="projconv.e"/>
<Module Name="projmake.e"/>
<Module Name="pushtag.e"/>
<Module Name="python.e"/>
<Module Name="ruby.e"/>
<Module Name="slickc.e"/>
<Module Name="sqlservr.e"/>
<Module Name="stdcmds.e"/>
<Module Name="surround.e"/>
<Module Name="tags.e"/>
<Module Name="tagrefs.e"/>
<Module Name="tagwin.e"/>
<Module Name="ttcn.e"/>
<Module Name="tbfind.e"/>
<Module Name="vbscript.e"/>
<Module Name="verilog.e"/>
<Module Name="vhdl.e"/>
<Module Name="xml.e"/>
<Sysconfig Name="color/vslick.vlx"/>
</Contents>
</HotFix>
